{"val_loss":{"0":2.121522665,"1":4.3816299438,"2":3.2957179546,"3":6.6841249466,"4":5.4287753105,"5":5.0127005577,"6":1.8633081913,"7":1.934440136,"8":1.7298983335,"9":1.230540514,"10":1.3892047405,"11":2.2421674728,"12":1.6916406155,"13":0.9461931586,"14":1.0741653442,"15":0.4986362159,"16":0.7079969049,"17":0.0940547809,"18":0.4429847896,"19":0.9224341512,"20":0.6233845353,"21":0.7440509796,"22":1.2151328325,"23":1.1346759796,"24":0.7323233485,"25":1.55337286,"26":0.2107384056,"27":0.8838914633,"28":2.3344602585,"29":0.3541568518,"30":1.2516638041,"31":0.4206269383,"32":2.6910395622,"33":1.8922436237,"34":1.3793981075,"35":0.4989564121,"36":2.4953126907,"37":0.6374343038,"38":0.7668979168,"39":0.3919641078,"40":1.5124341249,"41":1.9520819187,"42":0.3177375495,"43":1.5830098391,"44":1.5826028585,"45":0.3012809455,"46":2.2533771992,"47":2.0084228516,"48":2.9360225201,"49":2.2155015469},"val_acc":{"0":0.1936319917,"1":0.1936319917,"2":0.1936319917,"3":0.1936319917,"4":0.1943724602,"5":0.2006664127,"6":0.2950758934,"7":0.2717511952,"8":0.3768974543,"9":0.5797852874,"10":0.4794520438,"11":0.5205479264,"12":0.6312476993,"13":0.6079229712,"14":0.6823398471,"15":0.7093669176,"16":0.6923361421,"17":0.6756756902,"18":0.6952980161,"19":0.6890040636,"20":0.6778970957,"21":0.6641984582,"22":0.6864124537,"23":0.7115883231,"24":0.7230655551,"25":0.5597926974,"26":0.6938170791,"27":0.6682710052,"28":0.6786375642,"29":0.6897445321,"30":0.6878933907,"31":0.7138097286,"32":0.729729712,"33":0.7286190391,"34":0.7004812956,"35":0.7149204016,"36":0.6653091311,"37":0.7082561851,"38":0.6630877256,"39":0.6749352217,"40":0.6912254691,"41":0.6753054261,"42":0.7300999761,"43":0.6886338592,"44":0.6890040636,"45":0.754165113,"46":0.7126989961,"47":0.7178822756,"48":0.6949278116,"49":0.7089966536},"loss":{"0":2.2182721985,"1":1.2295955527,"2":0.9723607544,"3":0.8674524878,"4":0.7817846287,"5":0.7358137791,"6":0.733749009,"7":0.6777542635,"8":0.6438334846,"9":0.607844412,"10":0.5748024441,"11":0.5608463166,"12":0.5457805318,"13":0.5267905139,"14":0.4908646306,"15":0.4695429789,"16":0.4705719272,"17":0.4280118794,"18":0.4232194165,"19":0.4178240735,"20":0.3910023859,"21":0.3799553082,"22":0.3687430421,"23":0.3633362088,"24":0.325804477,"25":0.3392077396,"26":0.3573590675,"27":0.2933971923,"28":0.2983555942,"29":0.2935015181,"30":0.27867781,"31":0.2690493131,"32":0.2709398226,"33":0.2426990183,"34":0.2799520858,"35":0.2615833846,"36":0.2478459174,"37":0.2305271855,"38":0.2214294536,"39":0.2027977406,"40":0.20492659,"41":0.2233040292,"42":0.1945873385,"43":0.1775775728,"44":0.1954602502,"45":0.2136392635,"46":0.2228332884,"47":0.188270929,"48":0.1549076642,"49":0.1380642617},"acc":{"0":0.4750886261,"1":0.5691360235,"2":0.6314610839,"3":0.6605709791,"4":0.6999440193,"5":0.7158051729,"6":0.7158051729,"7":0.7391304374,"8":0.7533121705,"9":0.7663743496,"10":0.78279531,"11":0.7917522192,"12":0.7926852107,"13":0.807053566,"14":0.8124650121,"15":0.8301922083,"16":0.8281396031,"17":0.8406419158,"18":0.8402687311,"19":0.8451203704,"20":0.8533308506,"21":0.8548236489,"22":0.8673260212,"23":0.8665795922,"24":0.8775891066,"25":0.8727374673,"26":0.8662064075,"27":0.8882254362,"28":0.8934502602,"29":0.8904646635,"30":0.8953163028,"31":0.9052062035,"32":0.9022205472,"33":0.9109908342,"34":0.8973689079,"35":0.9083784223,"36":0.9094980359,"37":0.915655911,"38":0.9225601554,"39":0.92703861,"40":0.9253591895,"41":0.9229333997,"42":0.9289046526,"43":0.937301755,"44":0.9315170646,"45":0.9225601554,"46":0.9223735929,"47":0.936555326,"48":0.9496174455,"49":0.9471916556}}