{"val_loss":{"0":3.3777034283,"1":1.3820176125,"2":1.5563889742,"3":2.4439914227,"4":2.869658947,"5":2.0775601864,"6":1.709624052,"7":1.0865143538,"8":1.2905355692,"9":1.7299232483,"10":1.1523764133,"11":1.7671146393,"12":0.6175062656,"13":0.9396293163,"14":1.128237009,"15":1.6151428223,"16":1.8952618837,"17":1.3521392345,"18":0.5881770253,"19":1.1522591114,"20":1.0720860958,"21":1.2646707296,"22":1.1018848419,"23":0.7986459136,"24":0.7439786196,"25":1.4589903355,"26":1.1329277754,"27":0.8077558875,"28":1.2089791298,"29":1.3261979818,"30":1.7392194271,"31":1.1851345301,"32":1.2536717653,"33":1.9451613426,"34":1.5642553568,"35":2.3301582336,"36":0.5948675871,"37":1.2318217754,"38":1.4838383198,"39":1.1338249445,"40":1.2624996901,"41":0.8409950733,"42":0.9453242421,"43":0.9826265574,"44":2.2791852951,"45":1.7320574522,"46":1.5229116678,"47":1.0493849516,"48":1.638261795,"49":0.767185092},"val_acc":{"0":0.2910033464,"1":0.3132173121,"2":0.2484265119,"3":0.2821177244,"4":0.2506479025,"5":0.3717141747,"6":0.4439096749,"7":0.5479452014,"8":0.5605331063,"9":0.4738985598,"10":0.6097741723,"11":0.4831543863,"12":0.5553498864,"13":0.6064420342,"14":0.6008885503,"15":0.5275823474,"16":0.6005183458,"17":0.6456868052,"18":0.6479082108,"19":0.5845983028,"20":0.5953350663,"21":0.5816364288,"22":0.6131062508,"23":0.5386893749,"24":0.6138467193,"25":0.5994076133,"26":0.6445760727,"27":0.6338393092,"28":0.6342095733,"29":0.6364309788,"30":0.5883006454,"31":0.6482784152,"32":0.6097741723,"33":0.6005183458,"34":0.6401332617,"35":0.5875601768,"36":0.5753424764,"37":0.6297667623,"38":0.6079229712,"39":0.6475379467,"40":0.6327286363,"41":0.6268048882,"42":0.6723435521,"43":0.6701222062,"44":0.6504998207,"45":0.6804887056,"46":0.6368011832,"47":0.6101443768,"48":0.6586449742,"49":0.6197704673},"loss":{"0":2.3348728654,"1":1.331573389,"2":0.9694524582,"3":0.8874836538,"4":0.8095744109,"5":0.7631932745,"6":0.7078388093,"7":0.7083469515,"8":0.6600268365,"9":0.6421581356,"10":0.6112198617,"11":0.5901327699,"12":0.5588755909,"13":0.5442222492,"14":0.5176769414,"15":0.5090894167,"16":0.4718035941,"17":0.4385083813,"18":0.4383641047,"19":0.427678784,"20":0.4308967258,"21":0.3681843988,"22":0.3693903202,"23":0.3782153068,"24":0.366682812,"25":0.3415254589,"26":0.3243686073,"27":0.3402636305,"28":0.295745339,"29":0.2846176685,"30":0.2843029439,"31":0.2711861916,"32":0.2473787291,"33":0.2606902229,"34":0.2580082399,"35":0.2675182412,"36":0.2515243475,"37":0.2325264345,"38":0.2471696626,"39":0.220110021,"40":0.2184320634,"41":0.2049161518,"42":0.188162556,"43":0.1997305442,"44":0.1813846642,"45":0.1601127362,"46":0.185890136,"47":0.18044739,"48":0.1906174464,"49":0.1887551547},"acc":{"0":0.4653853476,"1":0.5545811057,"2":0.6251166463,"3":0.6641164422,"4":0.697704792,"5":0.707221508,"6":0.7221496701,"7":0.7296137214,"8":0.7480873466,"9":0.7566710114,"10":0.7701063752,"11":0.7757044435,"12":0.7898861766,"13":0.7956708074,"14":0.8074267507,"15":0.807053566,"16":0.8199290633,"17":0.8417615294,"18":0.8370964527,"19":0.8425079584,"20":0.8406419158,"21":0.8581824899,"22":0.861727953,"23":0.8568762541,"24":0.8654599786,"25":0.8725508451,"26":0.8820675611,"27":0.8759096861,"28":0.894010067,"29":0.896622479,"30":0.8956894875,"31":0.9048330188,"32":0.9126702547,"33":0.9094980359,"34":0.9065123796,"35":0.9024071693,"36":0.9102444649,"37":0.9178951383,"38":0.913043499,"39":0.9165889025,"40":0.9261056185,"41":0.9253591895,"42":0.9300242662,"43":0.9317036867,"44":0.9363687038,"45":0.9412204027,"46":0.9352490902,"47":0.9356223345,"48":0.9328233004,"49":0.9330098629}}