{"val_loss":{"0":2.6048033237,"1":3.8630311489,"2":4.8547081947,"3":4.7104115486,"4":3.0453996658,"5":3.2503466606,"6":2.0505723953,"7":1.5230777264,"8":1.0331162214,"9":1.3264178038,"10":1.1640414,"11":0.810572207,"12":0.7911917567,"13":0.8718457818,"14":1.0985583067,"15":0.8419169188,"16":0.6097249389,"17":0.9553160667,"18":0.8989146948,"19":1.1450656652,"20":0.6519959569,"21":0.8200103641,"22":0.9211503863,"23":0.9968783259,"24":0.7531883717,"25":0.795412004,"26":1.4012553692,"27":1.0123456717,"28":0.8900660872,"29":1.195966959,"30":0.7043786049,"31":1.228284359,"32":1.0649741888,"33":0.8315619826,"34":0.9527447224,"35":1.0742075443,"36":1.2548209429,"37":0.9165324569,"38":0.9275950193,"39":0.9149054289,"40":0.9811038971,"41":1.120318532,"42":0.7620772123,"43":1.1868054867,"44":1.1044336557,"45":1.0441362858,"46":1.2583485842,"47":1.3193063736,"48":1.5411211252,"49":1.1378333569},"val_acc":{"0":0.1934592426,"1":0.1934592426,"2":0.1934592426,"3":0.1934592426,"4":0.1897743046,"5":0.2022109628,"6":0.3017042875,"7":0.4306771159,"8":0.5255642533,"9":0.5762321353,"10":0.6655918956,"11":0.6416397691,"12":0.6909258366,"13":0.6568401456,"14":0.6701980829,"15":0.7227084041,"16":0.6950713992,"17":0.7374481559,"18":0.7323814034,"19":0.7231690288,"20":0.713496089,"21":0.7171810269,"22":0.7452786565,"23":0.7383694053,"24":0.7457392812,"25":0.7181022763,"26":0.7111930251,"27":0.7425149679,"28":0.7245509028,"29":0.7296177149,"30":0.7526485324,"31":0.740211904,"32":0.7268539667,"33":0.7420543432,"34":0.7448180318,"35":0.7434362173,"36":0.7457392812,"37":0.7309995294,"38":0.7535697818,"39":0.7554122806,"40":0.7415937185,"41":0.7485029697,"42":0.7005987763,"43":0.7309995294,"44":0.7102717757,"45":0.73007828,"46":0.7521879077,"47":0.7356057167,"48":0.722247839,"49":0.7392906547},"loss":{"0":2.0263632023,"1":1.1411283345,"2":0.9034136955,"3":0.8280373865,"4":0.7697303069,"5":0.7349331978,"6":0.7117568656,"7":0.6763600508,"8":0.6508185996,"9":0.6095769836,"10":0.5759789171,"11":0.5637561297,"12":0.554156087,"13":0.5112084898,"14":0.5033009445,"15":0.4258927422,"16":0.395882861,"17":0.3804965134,"18":0.3561812643,"19":0.3536285766,"20":0.3416509697,"21":0.3413559096,"22":0.3239711465,"23":0.3054940213,"24":0.3089229373,"25":0.291027076,"26":0.2824477588,"27":0.287606264,"28":0.2801214106,"29":0.2598635611,"30":0.2186023444,"31":0.2071563724,"32":0.1969084778,"33":0.1941374923,"34":0.1929125804,"35":0.1876512129,"36":0.182565674,"37":0.1750889243,"38":0.1748675338,"39":0.1579803455,"40":0.1588549896,"41":0.1564320886,"42":0.1636698239,"43":0.16081017,"44":0.1491886535,"45":0.1397568688,"46":0.1512056737,"47":0.143940769,"48":0.1348940001,"49":0.137230042},"acc":{"0":0.4851642847,"1":0.5848892927,"2":0.6487190723,"3":0.6796931624,"4":0.7044434547,"5":0.7226805687,"6":0.7290490866,"7":0.740917623,"8":0.7543783188,"9":0.7736285925,"10":0.7818787098,"11":0.7891156673,"12":0.7908524871,"13":0.8108264804,"14":0.8166159987,"15":0.8422347903,"16":0.8548270464,"17":0.8614850044,"18":0.87465626,"19":0.8750904799,"20":0.8742220402,"21":0.8742220402,"22":0.8842089772,"23":0.8881169558,"24":0.8889853954,"25":0.8966565132,"26":0.8978144526,"27":0.8968012929,"28":0.9004197717,"29":0.9088146091,"30":0.9221305251,"31":0.9271963835,"32":0.9308148623,"33":0.9326964617,"34":0.9315385818,"35":0.9325517416,"36":0.9335649014,"37":0.9386307597,"38":0.93776232,"39":0.9463019371,"40":0.944275558,"41":0.9470255971,"42":0.9423939586,"43":0.9444203377,"44":0.946880877,"45":0.9512230158,"46":0.9504993558,"47":0.9504993558,"48":0.9544072747,"49":0.9528151751},"lr":{"0":0.001,"1":0.001,"2":0.001,"3":0.001,"4":0.001,"5":0.001,"6":0.001,"7":0.001,"8":0.001,"9":0.001,"10":0.001,"11":0.001,"12":0.001,"13":0.001,"14":0.001,"15":0.0005,"16":0.0005,"17":0.0005,"18":0.0005,"19":0.0005,"20":0.0005,"21":0.0005,"22":0.0005,"23":0.0005,"24":0.0005,"25":0.0005,"26":0.0005,"27":0.0005,"28":0.0005,"29":0.0005,"30":0.0003,"31":0.0003,"32":0.0003,"33":0.0003,"34":0.0003,"35":0.0003,"36":0.0003,"37":0.0003,"38":0.0003,"39":0.0003,"40":0.0003,"41":0.0003,"42":0.0003,"43":0.0003,"44":0.0003,"45":0.0003,"46":0.0003,"47":0.0003,"48":0.0003,"49":0.0003}}