{"val_loss":{"0":21.626455307,"1":2.0910754204,"2":1.5054552555,"3":1.042373538,"4":0.9607089758,"5":0.9590632319,"6":1.2601269484,"7":1.167956233,"8":0.7110430598,"9":1.6138737202,"10":0.9924777746,"11":0.8693743348,"12":0.9899664521,"13":1.4082649946,"14":0.9723268151,"15":1.3498773575,"16":1.3423606157,"17":1.6664084196,"18":1.6964802742,"19":1.2356724739,"20":0.6609815955,"21":1.3493095636,"22":0.6754276156,"23":1.8617364168,"24":1.6589150429,"25":0.7481156588,"26":1.1425334215,"27":1.0706305504,"28":0.6681655049,"29":0.8795249462,"30":0.7780291438,"31":1.4652955532,"32":1.9085142612,"33":1.201877594,"34":0.9155125022,"35":1.0105791092,"36":0.6824189425,"37":0.9605641365,"38":0.9322901368,"39":0.9593513012,"40":1.1802853346,"41":0.5108138323,"42":1.192455411,"43":1.3865840435,"44":0.7305457592,"45":1.0547486544,"46":1.1341671944,"47":1.0887055397,"48":0.4770039022,"49":0.8160719275},"val_acc":{"0":0.2407582998,"1":0.3687203825,"2":0.439810425,"3":0.5099526048,"4":0.5478672981,"5":0.5971564054,"6":0.6000000238,"7":0.5952606797,"8":0.6312796474,"9":0.4957346022,"10":0.6161137223,"11":0.593364954,"12":0.644549787,"13":0.6066350937,"14":0.6303317547,"15":0.6142179966,"16":0.668246448,"17":0.6331753731,"18":0.6255924106,"19":0.6578199267,"20":0.6274881363,"21":0.6341232061,"22":0.6691943407,"23":0.6454976201,"24":0.6161137223,"25":0.6549763083,"26":0.6549763083,"27":0.6530805826,"28":0.6739336252,"29":0.6360189319,"30":0.6180095077,"31":0.6815165877,"32":0.6663507223,"33":0.6540284157,"34":0.6900473833,"35":0.6701421738,"36":0.6872037649,"37":0.6625592709,"38":0.7004739046,"39":0.6625592709,"40":0.7203791738,"41":0.6587677598,"42":0.6777251363,"43":0.6739336252,"44":0.6872037649,"45":0.7061611414,"46":0.6966824532,"47":0.6976303458,"48":0.7071090341,"49":0.6853080392},"loss":{"0":2.5016398334,"1":1.7920877359,"2":1.2239942872,"3":1.0699448826,"4":0.9755279115,"5":0.9026081993,"6":0.8783115699,"7":0.8536588144,"8":0.8024259089,"9":0.7953722254,"10":0.7823225695,"11":0.7426068666,"12":0.7216243653,"13":0.7088845625,"14":0.6748588555,"15":0.6731485125,"16":0.6535177812,"17":0.6346260298,"18":0.5991490772,"19":0.6297304918,"20":0.6270680652,"21":0.6052962278,"22":0.6020944821,"23":0.567979324,"24":0.5301972431,"25":0.5292288018,"26":0.527641302,"27":0.5100563226,"28":0.5062034474,"29":0.481917334,"30":0.4876519654,"31":0.4810553392,"32":0.4532101357,"33":0.4385638218,"34":0.4554280461,"35":0.4436649169,"36":0.422249832,"37":0.4128549046,"38":0.4011641997,"39":0.40584203,"40":0.3971634214,"41":0.3942338117,"42":0.4002406357,"43":0.3937029621,"44":0.3617587959,"45":0.3381271057,"46":0.317564757,"47":0.3159497037,"48":0.3361428583,"49":0.3429718181},"acc":{"0":0.403211683,"1":0.4881751835,"2":0.5456934571,"3":0.5941605568,"4":0.6192700863,"5":0.6557664275,"6":0.6607299447,"7":0.6729927063,"8":0.691678822,"9":0.6934306622,"10":0.7056934237,"11":0.7191240788,"12":0.7208759189,"13":0.7293430567,"14":0.7562043667,"15":0.7497810125,"16":0.7585401535,"17":0.7640876174,"18":0.7798539996,"19":0.7646715045,"20":0.7637956142,"21":0.7745985389,"22":0.7722627521,"23":0.777810216,"24":0.801751852,"25":0.7979562283,"26":0.8055474162,"27":0.8087591529,"28":0.8072992563,"29":0.821313858,"30":0.8163503408,"31":0.8160583973,"32":0.8256934285,"33":0.8391240835,"34":0.8283211589,"35":0.8373722434,"36":0.8455474377,"37":0.8472992778,"38":0.8519707918,"39":0.8513868451,"40":0.8475912213,"41":0.855474472,"42":0.8548905253,"43":0.852262795,"44":0.8691970706,"45":0.875036478,"46":0.8779562116,"47":0.8832116723,"48":0.8779562116,"49":0.8735766411}}