{"val_loss":{"0":0.9501425624,"1":1.4433172941,"2":0.8028538823,"3":0.4177371264,"4":0.276355654,"5":1.5092676878,"6":1.3010655642,"7":1.3580411673,"8":1.8477873802,"9":0.436429143,"10":1.1516662836,"11":0.7826188803,"12":0.0844256505,"13":1.0164191723,"14":1.0160101652,"15":1.0907821655,"16":0.50297153,"17":0.1956554651,"18":0.4522933364,"19":1.4493169785,"20":0.3274667263,"21":0.1616637111,"22":0.9305492043,"23":0.4608165324,"24":0.1021686047,"25":0.7968841195,"26":2.1942293644,"27":0.2453592122,"28":0.2750559151,"29":0.3900252581,"30":0.7213225365,"31":1.0339758396,"32":0.1570871025,"33":0.7684015036,"34":0.5577198267,"35":0.252669245,"36":0.2195394933,"37":1.3674937487,"38":0.3534483612,"39":0.010770198,"40":0.1305679381,"41":0.2073378414,"42":0.2454693317,"43":0.0111149512,"44":0.0539152883,"45":0.3596898317,"46":0.4458581209,"47":0.5265658498,"48":0.2134438157,"49":0.6072912812},"val_acc":{"0":0.4102654755,"1":0.3830088377,"2":0.5207079649,"3":0.6757522225,"4":0.7168141603,"5":0.7139822841,"6":0.7200000286,"7":0.7072566152,"8":0.7330973744,"9":0.7727433443,"10":0.7723893523,"11":0.7161061764,"12":0.692389369,"13":0.7893805504,"14":0.7334513068,"15":0.7840707898,"16":0.7861946821,"17":0.8031858206,"18":0.7865486741,"19":0.7787610888,"20":0.8138052821,"21":0.8343362808,"22":0.8099114895,"23":0.8368141651,"24":0.8424778581,"25":0.843539834,"26":0.8336282969,"27":0.8541592956,"28":0.8683185577,"29":0.8569911718,"30":0.8683185577,"31":0.8226548433,"32":0.843539834,"33":0.8612389565,"34":0.8665486574,"35":0.8449557424,"36":0.8736283183,"37":0.8913274407,"38":0.8453097343,"39":0.8906194568,"40":0.8700885177,"41":0.9005309939,"42":0.8792920113,"43":0.8984071016,"44":0.8637168407,"45":0.8541592956,"46":0.9051327705,"47":0.8201770186,"48":0.9040707946,"49":0.9005309939},"loss":{"0":1.6601192608,"1":0.9424897806,"2":0.8498465003,"3":0.7883559159,"4":0.7331677393,"5":0.6888438154,"6":0.6613511901,"7":0.6173713313,"8":0.619070214,"9":0.5747169908,"10":0.5632809718,"11":0.5342693557,"12":0.5303861981,"13":0.4979568177,"14":0.4651592027,"15":0.4347888706,"16":0.4364999262,"17":0.425117039,"18":0.3955958102,"19":0.3750219323,"20":0.375458988,"21":0.3630887493,"22":0.3533511456,"23":0.3296772812,"24":0.3263784693,"25":0.3020969681,"26":0.296028385,"27":0.2996049053,"28":0.2751524525,"29":0.2700729601,"30":0.2625835951,"31":0.2551875005,"32":0.2435159678,"33":0.2377651585,"34":0.2432278804,"35":0.2237874362,"36":0.2243138089,"37":0.2256819388,"38":0.2093496846,"39":0.2036385656,"40":0.1940230805,"41":0.1970426192,"42":0.1909246719,"43":0.1887751716,"44":0.1937156992,"45":0.1779976884,"46":0.1694501445,"47":0.1733276436,"48":0.1774485751,"49":0.155297796},"acc":{"0":0.505442977,"1":0.6324453354,"2":0.6747499704,"3":0.6959908009,"4":0.7209487557,"5":0.7338702679,"6":0.7440481186,"7":0.7665280104,"8":0.7640498877,"9":0.7832551599,"10":0.7910434604,"11":0.7992742658,"12":0.7995398045,"13":0.8158243895,"14":0.8292769194,"15":0.8404283524,"16":0.840693891,"17":0.8427294493,"18":0.8540579081,"19":0.8627312183,"20":0.8617576957,"21":0.8656518459,"22":0.8707849979,"23":0.8799893856,"24":0.8800778985,"25":0.8936188817,"26":0.8911408186,"27":0.8873351812,"28":0.8999026418,"29":0.9026462436,"30":0.9038853049,"31":0.9130011797,"32":0.9085759521,"33":0.9154792428,"34":0.9140632153,"35":0.9160987735,"36":0.9202584028,"37":0.9170722961,"38":0.9244180918,"39":0.9263651371,"40":0.9306133389,"41":0.9310558438,"42":0.9326488972,"43":0.9322063923,"44":0.9313213825,"45":0.9391981363,"46":0.9432693124,"47":0.9400832057,"48":0.9404371977,"49":0.9451279044}}