{"val_loss":{"0":27.8098392487,"1":18.1182880402,"2":17.8747348785,"3":5.8583703041,"4":5.2380375862,"5":2.5214703083,"6":1.6574143171,"7":0.8374671936,"8":1.6309757233,"9":0.778432548,"10":1.1744579077,"11":1.2228022814,"12":0.8134772182,"13":0.6735842824,"14":1.042159915,"15":1.651049614,"16":1.3685458899,"17":0.5905506015,"18":1.1630183458,"19":1.5245404243,"20":1.203599453,"21":1.4758707285,"22":1.255256176,"23":1.77939713,"24":1.2656304836,"25":0.7737423778,"26":1.8535314798,"27":0.6411044002,"28":1.314007163,"29":0.9315889478,"30":1.0179519653,"31":2.0148992538,"32":1.9421037436,"33":1.9906353951,"34":2.4859449863,"35":0.859167099,"36":1.2649655342,"37":1.2367042303,"38":1.7736009359,"39":0.7739750743,"40":1.1061892509,"41":1.427505374,"42":1.4505294561,"43":2.3084449768,"44":1.881811142,"45":2.258723259,"46":1.2472325563,"47":1.6700940132,"48":2.0303082466,"49":1.2815436125},"val_acc":{"0":0.2130434811,"1":0.2804347873,"2":0.258695662,"3":0.2902173996,"4":0.3913043439,"5":0.4250000119,"6":0.5521739125,"7":0.5934782624,"8":0.5423913002,"9":0.6119565368,"10":0.6184782386,"11":0.586956501,"12":0.6489130259,"13":0.6293478012,"14":0.5978260636,"15":0.6304348111,"16":0.6000000238,"17":0.6510869861,"18":0.6010869741,"19":0.6597825885,"20":0.6195651889,"21":0.6195651889,"22":0.663043499,"23":0.6347826123,"24":0.6586956382,"25":0.6489130259,"26":0.6706521511,"27":0.6326087117,"28":0.6510869861,"29":0.6684782505,"30":0.6195651889,"31":0.595652163,"32":0.6347826123,"33":0.5934782624,"34":0.6456521749,"35":0.6467391253,"36":0.6413043737,"37":0.6391304135,"38":0.5663043261,"39":0.6576086879,"40":0.6576086879,"41":0.595652163,"42":0.6619565487,"43":0.6695652008,"44":0.6478260756,"45":0.607608676,"46":0.6760869622,"47":0.6815217137,"48":0.6586956382,"49":0.6445652246},"loss":{"0":2.5392032326,"1":2.0093676642,"2":1.5677096076,"3":1.1434761952,"4":0.9911612106,"5":0.9679349181,"6":0.8707556879,"7":0.8228916818,"8":0.8008893925,"9":0.749706868,"10":0.7471265253,"11":0.720911901,"12":0.671567612,"13":0.66206616,"14":0.6303752827,"15":0.6293042209,"16":0.6212037103,"17":0.5605596489,"18":0.5465147066,"19":0.5698657603,"20":0.5157686949,"21":0.4824225519,"22":0.4960615609,"23":0.4993757822,"24":0.4630086646,"25":0.4053987344,"26":0.4034800973,"27":0.3952081683,"28":0.3882716823,"29":0.3563762214,"30":0.3731554929,"31":0.396199658,"32":0.3329930451,"33":0.3509573052,"34":0.3358104859,"35":0.3498484391,"36":0.3393832641,"37":0.3395823426,"38":0.292557162,"39":0.2907511535,"40":0.2767209719,"41":0.279778452,"42":0.2738746644,"43":0.2560580321,"44":0.2804000999,"45":0.2807219607,"46":0.2340001179,"47":0.2334279033,"48":0.2402868295,"49":0.2366484924},"acc":{"0":0.4141689241,"1":0.488283366,"2":0.537874639,"3":0.5711171627,"4":0.6277928948,"5":0.6381471157,"6":0.6719346046,"7":0.6899182796,"8":0.6920980811,"9":0.7226157784,"10":0.7160763144,"11":0.7307901978,"12":0.7471389771,"13":0.7596729994,"14":0.7673024535,"15":0.7656675577,"16":0.7694823146,"17":0.7934604883,"18":0.7945504189,"19":0.7912806273,"20":0.8190735579,"21":0.8245231509,"22":0.8223433495,"23":0.8152588606,"24":0.8425068259,"25":0.8474114537,"26":0.8583106399,"27":0.8626703024,"28":0.8572207093,"29":0.8752043843,"30":0.8664849997,"31":0.8501362205,"32":0.8828337789,"33":0.8702997565,"34":0.8806539774,"35":0.8659400344,"36":0.8730245233,"37":0.8746594191,"38":0.893732965,"39":0.8997275233,"40":0.9013624191,"41":0.9051771164,"42":0.9008174539,"43":0.9106267095,"44":0.8953678608,"45":0.9024522901,"46":0.9111716747,"47":0.9188010693,"48":0.9144414067,"49":0.9089918137}}