{"val_loss":{"0":12.4351539612,"1":7.2456970215,"2":1.7931604385,"3":1.3458106518,"4":1.0835576057,"5":1.0029351711,"6":1.0102183819,"7":1.1016097069,"8":1.4830336571,"9":0.6464740634,"10":0.9619011283,"11":1.0108972788,"12":1.3273533583,"13":1.1832946539,"14":2.1767332554,"15":1.0490704775,"16":1.5358072519,"17":0.7578047514,"18":0.8590693474,"19":0.7188684344,"20":1.2380160093,"21":0.6049166918,"22":1.6721346378,"23":0.7549806833,"24":0.8074574471,"25":1.6709890366,"26":1.3694348335,"27":0.9291152358,"28":0.6856067777,"29":1.1872963905,"30":1.3204753399,"31":0.6866217852,"32":0.7368267179,"33":0.7584925294,"34":0.9814899564,"35":0.5306551456,"36":0.8868107796,"37":1.1195673943,"38":0.6264461875,"39":0.5613922477,"40":1.1453005075,"41":1.2151232958,"42":0.9394730926,"43":1.082580328,"44":0.8823826909,"45":0.7677990198,"46":0.6760388613,"47":0.8136839271,"48":1.1210941076,"49":1.1897885799},"val_acc":{"0":0.3289099634,"1":0.3279620707,"2":0.3962085247,"3":0.4985781908,"4":0.5791469216,"5":0.5810426474,"6":0.605687201,"7":0.6303317547,"8":0.5175355673,"9":0.6530805826,"10":0.6037914753,"11":0.6142179966,"12":0.5611374378,"13":0.5791469216,"14":0.4824644625,"15":0.668246448,"16":0.6483412385,"17":0.6606634855,"18":0.6720378995,"19":0.6824644804,"20":0.6777251363,"21":0.6834123135,"22":0.5734597445,"23":0.6966824532,"24":0.6701421738,"25":0.6890995502,"26":0.6966824532,"27":0.7099525928,"28":0.6710900664,"29":0.6710900664,"30":0.6815165877,"31":0.7090047598,"32":0.7118483186,"33":0.7308056951,"34":0.7090047598,"35":0.7118483186,"36":0.6985781789,"37":0.7156398296,"38":0.7156398296,"39":0.7156398296,"40":0.6710900664,"41":0.6966824532,"42":0.6843602061,"43":0.7014217973,"44":0.6777251363,"45":0.7099525928,"46":0.7194312811,"47":0.7042654157,"48":0.6872037649,"49":0.7270142436},"loss":{"0":2.5273123253,"1":1.6033085233,"2":1.1591436709,"3":1.0422941845,"4":0.9376190625,"5":0.8983458178,"6":0.8690401202,"7":0.8364197474,"8":0.8269885745,"9":0.7844510912,"10":0.7720632997,"11":0.7225312184,"12":0.7237684379,"13":0.701939898,"14":0.6946589207,"15":0.6604450178,"16":0.5931608341,"17":0.5633169049,"18":0.5422131269,"19":0.5624871678,"20":0.536319388,"21":0.5303549064,"22":0.5206650529,"23":0.4842638213,"24":0.5001095466,"25":0.4965971548,"26":0.4855652297,"27":0.4718505548,"28":0.4686013646,"29":0.445302848,"30":0.4349469403,"31":0.4095107389,"32":0.3850420249,"33":0.3802943301,"34":0.3936461427,"35":0.3854720841,"36":0.3808098685,"37":0.3612831561,"38":0.3540122314,"39":0.3525657566,"40":0.3561521019,"41":0.3379052582,"42":0.345981229,"43":0.3321432263,"44":0.3154603779,"45":0.3201252901,"46":0.309190242,"47":0.3213238696,"48":0.3089926637,"49":0.3081231841},"acc":{"0":0.4248175323,"1":0.4922627807,"2":0.5416058302,"3":0.5868613124,"4":0.6300730109,"5":0.6598539948,"6":0.6665693521,"7":0.6770802736,"8":0.6858394146,"9":0.6954744458,"10":0.7176642418,"11":0.7220438123,"12":0.7214598656,"13":0.7381021976,"14":0.7363503575,"15":0.7506569624,"16":0.776350379,"17":0.7915328741,"18":0.7929927111,"19":0.7900729775,"20":0.8070073128,"21":0.8026277423,"22":0.798540175,"23":0.816642344,"24":0.8148905039,"25":0.81197083,"26":0.8230656981,"27":0.8262773752,"28":0.8277372122,"29":0.8289051056,"30":0.8455474377,"31":0.8505109549,"32":0.858394146,"33":0.8595620394,"34":0.8510949016,"35":0.8557664156,"36":0.8598540425,"37":0.8712408543,"38":0.8683211803,"39":0.8680291772,"40":0.868905127,"41":0.8706569076,"42":0.8732846975,"43":0.8794160485,"44":0.8840875626,"45":0.8802919984,"46":0.8872992992,"47":0.8875912428,"48":0.8805839419,"49":0.8890510798},"lr":{"0":0.001,"1":0.001,"2":0.001,"3":0.001,"4":0.001,"5":0.001,"6":0.001,"7":0.001,"8":0.001,"9":0.001,"10":0.001,"11":0.001,"12":0.001,"13":0.001,"14":0.001,"15":0.0005,"16":0.0005,"17":0.0005,"18":0.0005,"19":0.0005,"20":0.0005,"21":0.0005,"22":0.0005,"23":0.0005,"24":0.0005,"25":0.0005,"26":0.0005,"27":0.0005,"28":0.0005,"29":0.0005,"30":0.0003,"31":0.0003,"32":0.0003,"33":0.0003,"34":0.0003,"35":0.0003,"36":0.0003,"37":0.0003,"38":0.0003,"39":0.0003,"40":0.0003,"41":0.0003,"42":0.0003,"43":0.0003,"44":0.0003,"45":0.0003,"46":0.0003,"47":0.0003,"48":0.0003,"49":0.0003}}