{"val_loss":{"0":2.5659003258,"1":2.6012148857,"2":5.4686326981,"3":6.5465359688,"4":4.9472689629,"5":6.3812766075,"6":5.777900219,"7":3.00928545,"8":3.079264164,"9":2.7549197674,"10":2.010103941,"11":1.7357147932,"12":0.517362237,"13":0.5435685515,"14":1.140199542,"15":0.8661126494,"16":0.2894583046,"17":1.0784856081,"18":0.498858124,"19":0.9379940629,"20":1.4591912031,"21":2.3634288311,"22":0.6677683592,"23":1.3826432228,"24":1.717091918,"25":0.6245407462,"26":1.1771113873,"27":0.187279731,"28":1.0691113472,"29":1.734369278,"30":1.2213401794,"31":0.7621287107,"32":0.2856507599,"33":1.1066563129,"34":1.0884562731,"35":0.8848673105,"36":1.8976012468,"37":1.2658730745,"38":1.9074103832,"39":1.4270377159,"40":0.1874925941,"41":1.6669656038,"42":1.2707355022,"43":0.9271017313,"44":0.6570359468,"45":1.0307465792,"46":0.4820869565,"47":1.3812921047,"48":2.1520166397,"49":2.6745634079},"val_acc":{"0":0.1936319917,"1":0.1936319917,"2":0.1936319917,"3":0.1936319917,"4":0.1943724602,"5":0.194002226,"6":0.2325064838,"7":0.278785646,"8":0.3276564181,"9":0.3872639835,"10":0.4224361479,"11":0.487226963,"12":0.6197704673,"13":0.6778970957,"14":0.6519807577,"15":0.6860421896,"16":0.6975194216,"17":0.6838207841,"18":0.6356905103,"19":0.6901147962,"20":0.6486486197,"21":0.6753054261,"22":0.6827101111,"23":0.7263976336,"24":0.6804887056,"25":0.7108478546,"26":0.7067752481,"27":0.6945575476,"28":0.7330618501,"29":0.6530914307,"30":0.6767863631,"31":0.6949278116,"32":0.715290606,"33":0.7004812956,"34":0.7352832556,"35":0.7249166965,"36":0.6105146408,"37":0.73824507,"38":0.6667900681,"39":0.6760458946,"40":0.7108478546,"41":0.703813374,"42":0.749722302,"43":0.7193632126,"44":0.6308774352,"45":0.6964087486,"46":0.6860421896,"47":0.6927064061,"48":0.705294311,"49":0.7300999761},"loss":{"0":1.9957591052,"1":1.1993991226,"2":0.9433245139,"3":0.8402740384,"4":0.8027677157,"5":0.7412401893,"6":0.6850844614,"7":0.6694274634,"8":0.6469061333,"9":0.6338450514,"10":0.5837482934,"11":0.5471832294,"12":0.5356285034,"13":0.5184597511,"14":0.499912457,"15":0.4561921864,"16":0.4543790999,"17":0.4377950376,"18":0.4287098306,"19":0.4179433178,"20":0.4141733645,"21":0.3708686133,"22":0.3567810892,"23":0.3531372376,"24":0.3588448954,"25":0.3617378609,"26":0.3245721307,"27":0.3255374383,"28":0.3015040038,"29":0.2910631421,"30":0.2997245078,"31":0.2811873327,"32":0.2655154071,"33":0.2688979454,"34":0.2617982482,"35":0.2456904888,"36":0.2394604855,"37":0.2182034077,"38":0.2170108582,"39":0.2185654793,"40":0.21881134,"41":0.2108863715,"42":0.2076673961,"43":0.1959703138,"44":0.2029557544,"45":0.1716486819,"46":0.2025534098,"47":0.1832608833,"48":0.1922047425,"49":0.1818859556},"acc":{"0":0.4829259217,"1":0.5820115805,"2":0.6310878992,"3":0.6762455702,"4":0.6973316073,"5":0.7169247866,"6":0.7492069602,"7":0.7426759005,"8":0.7559246421,"9":0.7604030371,"10":0.7790632844,"11":0.7938048244,"12":0.8005225062,"13":0.8048143387,"14":0.8133980036,"15":0.8341108561,"16":0.8361634612,"17":0.8378428817,"18":0.8389624953,"19":0.8419481516,"20":0.848105967,"21":0.860235095,"22":0.8649001718,"23":0.8734838367,"24":0.8686321974,"25":0.8680723906,"26":0.8787087202,"27":0.8802015185,"28":0.8930770755,"29":0.8958761096,"30":0.8908378482,"31":0.8973689079,"32":0.9068856239,"33":0.9044597745,"34":0.9113640785,"35":0.9081918001,"36":0.9173353314,"37":0.921813786,"38":0.9229333997,"39":0.9197611213,"40":0.9227467775,"41":0.9255458117,"42":0.9253591895,"43":0.9333831072,"44":0.9281582236,"45":0.937301755,"46":0.9326366782,"47":0.9374883175,"48":0.9296510816,"49":0.9350625277}}