{"val_loss":{"0":15.2837905884,"1":4.0042252541,"2":2.7540783882,"3":1.803768754,"4":1.0450510979,"5":1.5698469877,"6":1.257817626,"7":0.8983393312,"8":1.4109920263,"9":0.9478890896,"10":1.0821084976,"11":1.2130075693,"12":1.4954503775,"13":1.206330657,"14":0.8902156353,"15":1.4923026562,"16":1.0300912857,"17":1.4570329189,"18":0.8868652582,"19":1.1217645407,"20":1.2494767904,"21":1.2170346975,"22":1.1203725338,"23":1.2054299116,"24":1.2465149164,"25":1.4195082188,"26":1.1449383497,"27":0.9508558512,"28":1.0888025761,"29":1.6416151524,"30":1.5063716173,"31":1.5916106701,"32":1.9874969721,"33":1.8239151239,"34":1.3459521532,"35":1.3869024515,"36":0.9825029373,"37":1.9701741934,"38":1.0358951092,"39":0.9978891015,"40":1.1400413513,"41":3.8114721775,"42":0.9624758363,"43":1.1025739908,"44":1.3728730679,"45":1.0369566679,"46":0.980573535,"47":1.2483862638,"48":1.7444292307,"49":2.3123075962},"val_acc":{"0":0.2256603837,"1":0.3426415026,"2":0.3803773522,"3":0.39320755,"4":0.4950943291,"5":0.5056603551,"6":0.6135848761,"7":0.5962263942,"8":0.5509433746,"9":0.5947169662,"10":0.584905684,"11":0.58792454,"12":0.5630188584,"13":0.6249056458,"14":0.5796226263,"15":0.6030188799,"16":0.6196226478,"17":0.5698113441,"18":0.6150943637,"19":0.6158490777,"20":0.5260377526,"21":0.6445283294,"22":0.6581131816,"23":0.6181132197,"24":0.5969811082,"25":0.6483018994,"26":0.5954716802,"27":0.6467924714,"28":0.6241509318,"29":0.5811320543,"30":0.5984905958,"31":0.6007547379,"32":0.5313207507,"33":0.6286792159,"34":0.6664150953,"35":0.6716980934,"36":0.6611320972,"37":0.6490566134,"38":0.6701886654,"39":0.6475471854,"40":0.6384905577,"41":0.4754717052,"42":0.6045283079,"43":0.6377358437,"44":0.6505660415,"45":0.6724528074,"46":0.6271697879,"47":0.6535848975,"48":0.6550943255,"49":0.6709433794},"loss":{"0":2.596181837,"1":1.9436231429,"2":1.3416081209,"3":1.0774402329,"4":1.0077736483,"5":0.9704302414,"6":0.9066873507,"7":0.8421578757,"8":0.8315970455,"9":0.8197693328,"10":0.7791465543,"11":0.7668916843,"12":0.7510612789,"13":0.7266260734,"14":0.7251001238,"15":0.6860286134,"16":0.6523310973,"17":0.6500614197,"18":0.6254793647,"19":0.6091586002,"20":0.5953695665,"21":0.6107046426,"22":0.6121558667,"23":0.5580534737,"24":0.5444929407,"25":0.518246379,"26":0.5264582222,"27":0.5440631324,"28":0.4856662238,"29":0.4902855004,"30":0.4601259393,"31":0.4412896516,"32":0.4391818689,"33":0.4685896527,"34":0.4380958002,"35":0.4154283176,"36":0.4047350313,"37":0.411598596,"38":0.3837218191,"39":0.4125240857,"40":0.3963647843,"41":0.3712546302,"42":0.4161285213,"43":0.3893998596,"44":0.3657599236,"45":0.3742488463,"46":0.3344152212,"47":0.3286449242,"48":0.3126614631,"49":0.3094184676},"acc":{"0":0.4110057056,"1":0.476660341,"2":0.5176470876,"3":0.5889943242,"4":0.6018975377,"5":0.6174573302,"6":0.6535104513,"7":0.6800758839,"8":0.6846299767,"9":0.6724857688,"10":0.700569272,"11":0.7074003816,"12":0.710056901,"13":0.7092978954,"14":0.7191650867,"15":0.7453510165,"16":0.7571157217,"17":0.7442125082,"18":0.7677419186,"19":0.769639492,"20":0.7833017111,"21":0.7673624158,"22":0.7666034102,"23":0.7912713289,"24":0.7977229357,"25":0.8026565313,"26":0.8018975258,"27":0.7996205091,"28":0.8178368211,"29":0.822390914,"30":0.8277040124,"31":0.8387096524,"32":0.8337761164,"33":0.8204933405,"34":0.8326375484,"35":0.8485768437,"36":0.8462998271,"37":0.8459203243,"38":0.8626186252,"39":0.8432637453,"40":0.8584440351,"41":0.8607210517,"42":0.856926024,"43":0.8546489477,"44":0.8637571335,"45":0.8580645323,"46":0.8717267513,"47":0.8702087402,"48":0.8876660466,"49":0.876660347}}