{"val_loss":{"0":1.7350355387,"1":3.5340406895,"2":4.5014648438,"3":4.8468699455,"4":4.1421957016,"5":3.4572229385,"6":3.2029445171,"7":2.596997261,"8":1.663369894,"9":1.3464161158,"10":1.2476534843,"11":0.948731482,"12":0.6095795631,"13":0.9576564431,"14":1.1402566433,"15":1.2351016998,"16":0.6304904222,"17":1.1763184071,"18":0.7891104817,"19":1.2076455355,"20":0.8671186566,"21":1.1449797153,"22":1.445928812,"23":1.3711791039,"24":0.8967553377,"25":0.8169599771,"26":1.3621424437,"27":0.8215651512,"28":1.9617810249,"29":1.3339841366,"30":1.2703926563,"31":0.9753456712,"32":1.0305663347,"33":0.9385534525,"34":0.9933731556,"35":1.1089872122,"36":0.9974982142,"37":1.0408587456,"38":1.0445737839,"39":1.7274471521,"40":1.3858883381,"41":0.988399744,"42":1.3038606644,"43":1.4290788174,"44":1.2311239243,"45":1.1644803286,"46":1.3870044947,"47":1.066975832,"48":0.9346908927,"49":1.3999379873},"val_acc":{"0":0.1943804771,"1":0.1934592426,"2":0.1934592426,"3":0.1750345528,"4":0.2224781215,"5":0.2399815768,"6":0.3413173556,"7":0.4256103039,"8":0.5011515617,"9":0.6024873257,"10":0.6729617715,"11":0.7029018998,"12":0.7088899016,"13":0.7153385282,"14":0.6992169619,"15":0.6798710227,"16":0.7111930251,"17":0.7162597775,"18":0.7056655884,"19":0.7190234661,"20":0.6674343348,"21":0.666513145,"22":0.6706587076,"23":0.6637493968,"24":0.7319207788,"25":0.7563334703,"26":0.7033625245,"27":0.7167204022,"28":0.6959926486,"29":0.6319668293,"30":0.7194840908,"31":0.740211904,"32":0.7282358408,"33":0.7392906547,"34":0.743896842,"35":0.7065868378,"36":0.7259327769,"37":0.6936895251,"38":0.7102717757,"39":0.7250115275,"40":0.7494242191,"41":0.7494242191,"42":0.735145092,"43":0.6992169619,"44":0.7379087806,"45":0.7291570902,"46":0.7415937185,"47":0.7512667179,"48":0.7342238426,"49":0.7544910312},"loss":{"0":2.0503297438,"1":1.2148645696,"2":0.9158575915,"3":0.7985617877,"4":0.7591654233,"5":0.7317953996,"6":0.6869508889,"7":0.637008329,"8":0.6414818925,"9":0.5999136644,"10":0.5891107821,"11":0.5535827506,"12":0.5149926512,"13":0.509708477,"14":0.4657666637,"15":0.4562339687,"16":0.4458073632,"17":0.4184493089,"18":0.4165351407,"19":0.3846740508,"20":0.3895374014,"21":0.3406645218,"22":0.3334275049,"23":0.338679544,"24":0.3426132529,"25":0.3177104043,"26":0.2931493685,"27":0.2717132337,"28":0.2823158547,"29":0.2843492631,"30":0.2622476506,"31":0.2558051686,"32":0.2430529292,"33":0.2359156345,"34":0.2343352764,"35":0.2273332405,"36":0.2153352575,"37":0.2098995027,"38":0.2258150844,"39":0.2294138258,"40":0.1897384641,"41":0.1826161306,"42":0.1920760643,"43":0.1984718812,"44":0.1784936589,"45":0.1962544493,"46":0.1957243671,"47":0.1815572332,"48":0.1598748968,"49":0.1770082777},"acc":{"0":0.4931249022,"1":0.5892314315,"2":0.652916491,"3":0.6931538582,"4":0.7015486956,"5":0.7216674089,"6":0.7388913035,"7":0.7536546588,"8":0.7546678185,"9":0.7678390741,"10":0.7794181705,"11":0.7936025262,"12":0.8074974418,"13":0.8070632219,"14":0.8244318962,"15":0.8294977546,"16":0.8345636129,"17":0.8474453688,"18":0.8445506096,"19":0.8603271246,"20":0.8590244651,"21":0.8759589195,"22":0.8752351999,"23":0.877840519,"24":0.8711825013,"25":0.8866695762,"26":0.8892748356,"27":0.9020118713,"28":0.8986828923,"29":0.8940512538,"30":0.9092488289,"31":0.9078013897,"32":0.9131567478,"33":0.9163410068,"34":0.9189463258,"35":0.9176436663,"36":0.9245911241,"37":0.9229989648,"38":0.9243016243,"39":0.921841085,"40":0.9321175218,"41":0.9328412414,"42":0.9334201813,"43":0.9299464226,"44":0.9331306815,"45":0.9322622418,"46":0.9338544011,"47":0.9342886209,"48":0.9461571574,"49":0.93776232}}