{"val_loss":{"0":1.5774111748,"1":1.8142402172,"2":2.5964646339,"3":2.8931612968,"4":4.3991098404,"5":3.8675737381,"6":2.8212580681,"7":4.6208963394,"8":6.1998500824,"9":5.3482289314,"10":3.9498152733,"11":5.5230326653,"12":4.3598923683,"13":7.4257411957,"14":3.3474195004,"15":3.0941529274,"16":3.2424864769,"17":2.1719450951,"18":2.2720763683,"19":2.2200608253,"20":2.553511858,"21":2.5648443699,"22":1.9888470173,"23":1.4677729607,"24":1.1823534966,"25":0.9506653547,"26":0.7073718309,"27":1.4220291376,"28":0.9847850204,"29":1.4653348923,"30":1.1139668226,"31":1.3236067295,"32":1.0935606956,"33":1.1891751289,"34":1.3128120899,"35":1.2246668339,"36":0.5254753232,"37":1.0019013882,"38":1.7141557932,"39":1.3382308483,"40":1.2535116673,"41":0.7563055158,"42":1.0405908823,"43":1.2899065018,"44":1.189068675,"45":1.1600089073,"46":0.899014771,"47":1.5183269978,"48":0.7507542968,"49":1.4073349237},"val_acc":{"0":0.2030188739,"1":0.20603773,"2":0.199245289,"3":0.200000003,"4":0.200000003,"5":0.200000003,"6":0.2120754719,"7":0.200000003,"8":0.200000003,"9":0.200754717,"10":0.2437735796,"11":0.2090566009,"12":0.2256603837,"13":0.2075471729,"14":0.2618868053,"15":0.3215094209,"16":0.3516981006,"17":0.3735848963,"18":0.4166037738,"19":0.4883018732,"20":0.3984905779,"21":0.4211320877,"22":0.5381132364,"23":0.5939622521,"24":0.6550943255,"25":0.6022641659,"26":0.7003773451,"27":0.6422641277,"28":0.6679245234,"29":0.7003773451,"30":0.6664150953,"31":0.6656603813,"32":0.6762264371,"33":0.6800000072,"34":0.6716980934,"35":0.6264150739,"36":0.6505660415,"37":0.6709433794,"38":0.6694339514,"39":0.6860377192,"40":0.6588678956,"41":0.697358489,"42":0.6528301835,"43":0.7101886868,"44":0.6807547212,"45":0.6475471854,"46":0.7373585105,"47":0.6550943255,"48":0.718490541,"49":0.7116981149},"loss":{"0":2.5142735184,"1":1.7852539616,"2":1.2865090416,"3":1.0288566417,"4":0.9251444885,"5":0.8696009238,"6":0.8148472934,"7":0.8038717281,"8":0.7465150768,"9":0.7359044897,"10":0.7215111115,"11":0.6667219867,"12":0.662170355,"13":0.6392117928,"14":0.6216663102,"15":0.5932748468,"16":0.562312837,"17":0.5605602129,"18":0.5478227034,"19":0.5328153153,"20":0.5299602555,"21":0.4935601525,"22":0.4942755483,"23":0.5092468623,"24":0.4542569063,"25":0.4425495594,"26":0.4789372427,"27":0.4319337507,"28":0.4146029981,"29":0.3927180491,"30":0.3866800274,"31":0.3833982983,"32":0.4062325862,"33":0.3742903049,"34":0.3783687533,"35":0.3965642306,"36":0.367943487,"37":0.3538446017,"38":0.3381153407,"39":0.3516052612,"40":0.3105606857,"41":0.3263790967,"42":0.3102889239,"43":0.2935856503,"44":0.2994989376,"45":0.3265736585,"46":0.2797161133,"47":0.2383423,"48":0.2692450307,"49":0.2621510906},"acc":{"0":0.4280834794,"1":0.4941176474,"2":0.5555977225,"3":0.6193548441,"4":0.6406072378,"5":0.6793168783,"6":0.6941176653,"7":0.6956356764,"8":0.7081593871,"9":0.7240986824,"10":0.7176470757,"11":0.7537001967,"12":0.7552182078,"13":0.7650853992,"14":0.7707780004,"15":0.7802656293,"16":0.7848197222,"17":0.7958254218,"18":0.7924098969,"19":0.7992410064,"20":0.8018975258,"21":0.8144212365,"22":0.8140417337,"23":0.8166983128,"24":0.8265654445,"25":0.8341556191,"26":0.8170778155,"27":0.8497153521,"28":0.8462998271,"29":0.8554079533,"30":0.8561669588,"31":0.8603415489,"32":0.8531309366,"33":0.8629981279,"34":0.8561669588,"35":0.8538899422,"36":0.8622390628,"37":0.8641366363,"38":0.8774193525,"39":0.8713472486,"40":0.8823529482,"41":0.8819734454,"42":0.8914610744,"43":0.8982922435,"44":0.8922201395,"45":0.8743833303,"46":0.899051249,"47":0.9138519764,"48":0.9039848447,"49":0.9104364514}}