{"val_loss":{"0":4.2353525162,"1":3.9671490192,"2":3.9288117886,"3":2.9585924149,"4":1.5487236977,"5":0.7027165294,"6":1.934161067,"7":1.032325387,"8":0.9380779266,"9":0.523633182,"10":0.5681775808,"11":0.2563011944,"12":1.3761956692,"13":1.970885396,"14":0.2061031461,"15":0.4870317876,"16":0.592046082,"17":0.2053470165,"18":0.9831689,"19":0.8762927055,"20":0.8890058994,"21":0.7257473469,"22":0.1831417829,"23":0.7528927326,"24":0.9837920666,"25":0.0081408229,"26":0.2305766791,"27":0.7654061317,"28":0.1816526502,"29":0.7763963938,"30":0.2003970742,"31":0.4568911791,"32":0.3590956032,"33":0.7010176182,"34":0.3263964057,"35":0.9406288862,"36":1.0368163586,"37":0.1070886701,"38":0.1520056427,"39":0.2060995102,"40":0.5965286493,"41":0.4559711814,"42":0.1643348485,"43":0.4610201418,"44":0.0560946018,"45":0.1754191518,"46":0.5864794254,"47":0.4677432477,"48":0.0010908511,"49":0.9009117484},"val_acc":{"0":0.2099115103,"1":0.2099115103,"2":0.206725657,"3":0.23575221,"4":0.4548672438,"5":0.5511504412,"6":0.4817699194,"7":0.7228318453,"8":0.7277876139,"9":0.7837167978,"10":0.7476106286,"11":0.7557522058,"12":0.7808849812,"13":0.6499115229,"14":0.7911504507,"15":0.8049557805,"16":0.7890265584,"17":0.8353982568,"18":0.8063716888,"19":0.771327436,"20":0.7196460366,"21":0.7915044427,"22":0.7893805504,"23":0.7883185744,"24":0.7161061764,"25":0.7561061978,"26":0.8523893952,"27":0.7907964587,"28":0.8580530882,"29":0.8293805122,"30":0.8283185959,"31":0.8315044045,"32":0.7493805289,"33":0.8120353818,"34":0.7872566581,"35":0.8407079577,"36":0.8042477965,"37":0.8736283183,"38":0.871858418,"39":0.8612389565,"40":0.8785840869,"41":0.8697345257,"42":0.8842477798,"43":0.8198230267,"44":0.8470796347,"45":0.843539834,"46":0.8176991343,"47":0.8230088353,"48":0.8789380789,"49":0.7883185744},"loss":{"0":1.8433437155,"1":0.9796824426,"2":0.8404312347,"3":0.7972833012,"4":0.741002147,"5":0.7031962301,"6":0.6704374532,"7":0.6403164562,"8":0.6147372365,"9":0.5926364648,"10":0.5691811813,"11":0.5591053661,"12":0.535676823,"13":0.5186125371,"14":0.4991086888,"15":0.4759517463,"16":0.4741233222,"17":0.4517134906,"18":0.4232025777,"19":0.4370946897,"20":0.4201383432,"21":0.4017328559,"22":0.3965107443,"23":0.3881589706,"24":0.3824422105,"25":0.3680701167,"26":0.3603735323,"27":0.3261068009,"28":0.3375594086,"29":0.3232935517,"30":0.3080088281,"31":0.3053195588,"32":0.302611205,"33":0.3028199457,"34":0.2643770847,"35":0.2840217355,"36":0.2613098766,"37":0.2616078166,"38":0.2548186978,"39":0.2453887328,"40":0.2258042271,"41":0.2476686303,"42":0.2276977117,"43":0.233642812,"44":0.2211541366,"45":0.2167947991,"46":0.2258112475,"47":0.2203130826,"48":0.2161097054,"49":0.214460331},"acc":{"0":0.5018143058,"1":0.6211169362,"2":0.6775820851,"3":0.6928931475,"4":0.7179396152,"5":0.7314806581,"6":0.7469687462,"7":0.7573236823,"8":0.773873806,"9":0.776440382,"10":0.7868837714,"11":0.7875033021,"12":0.7953801155,"13":0.8072395921,"14":0.8116647601,"15":0.8223736882,"16":0.8253827691,"17":0.830250442,"18":0.8434374928,"19":0.834764123,"20":0.8450305462,"21":0.8523763418,"22":0.8571555018,"23":0.8598105907,"24":0.8626427054,"25":0.8665368557,"26":0.8672448993,"27":0.8823789954,"28":0.8759182096,"29":0.8825559616,"30":0.8877776861,"31":0.8881316781,"32":0.8896362782,"33":0.8911408186,"34":0.9060978889,"35":0.8966280222,"36":0.9068059325,"37":0.9030887485,"38":0.9083989859,"39":0.9106115699,"40":0.9180458188,"41":0.9109655619,"42":0.9187538624,"43":0.9178688526,"44":0.9230020642,"45":0.9212319851,"46":0.921320498,"47":0.9199044108,"48":0.9249491096,"49":0.924241066}}